s1kfKvslx, 7690015703
cJHFnXn36, 7478679467
qc6dfWvRvgu, 6965995475
lhpjg2B2DDP, 7342900195
nNM3zV0GJ, 6511542097
4tN5Po, 5165222613
uTB8K2TAd8, 8234999794
sPYJazQP, 962292776
bwOzQh5t, 6979625226
hFw624XiN4W, 5169718087
1Pe2dZ3, 2214356464
kOASLSEDVpymYw, 1981970836
yS00dMYuun0jKd, 5079668907
Mv2xeE12L, 4438770130
EDWlJVA8QZxLV, 934540597
LH0Xn, 9617014662
EaQrMZZQisY, 2091698288
sRMIhSo, 700285154
bj4kaIji, 1375909460
Cj5x, 5180046534
AwX13S, 7660874036
mSNCKsbTrpw, 6230472752
ZErrhfflNrNRASm, 6586153856
SczVRRv, 6787783733
IEv, 7170790290
KJIT2t8WW23, 1930334165
WsGjqsCilXVH, 9370840779
toQlXVA, 9605580324
sFBs2TC, 1276667015
mPih2wydYWBuDCP, 3371370239
q8hHS, 5257862384
n, 2564902667
59lwwqgro, 3176209010
dY52bhGQRNbO0, 7263256683
6nCt21Roz, 539812226
W, 182763905
C2ZUwTpRkM9zPl, 3552528921
07o6Lr, 9537427796
jNCWV7mSxjvT, 7155161652
W, 9748149919
g, 9232448697
JLK4xeE, 737381265
9ks4Wa7nV, 5761741523
7OZXHC7JU, 4624447248
s, 8843292979
eIzrsd0FWgcdU, 2760428339
8QTZd, 9230793059
sKMkmaYs, 6989469094
AZKWiUIHDevTPeZ, 5492683913
zOWBzgozg9, 3093377946
pyyIIf, 4600227344
5IpjKLKDQbtwRg, 9597435301
xURxOWY, 7315375896
GscqfBj8oIoE, 5391132792
XrpEaphIX, 2174229451
DUsOa0GjKj8Mhs, 1406636074
pv9gtUYl9OKDU, 8760474999
mugwd, 4380132111
MBWh3Dy6nAA, 1952250262
LTOgdgn, 6656062846
E, 5688553473
gxwhlBARCmQgd, 8483498142
NNvOm, 4105831830
BgejXjSqVJ6, 8828756937
1, 78094017
tlGGyv, 8535448272
O, 3898550487
QO5KRV5zdE, 9362430553
C4ZE0r, 9778206113
cB7Xyh91Kdt7hsN, 6624128754
gdvl, 9226432415
3, 2914362257
VDq, 9343472302
td5B, 385348185
c, 6068511647
sUo0E5DSHP, 9053021203
EDQ4, 8167812427
knP0fhIanZghnc, 8794462909
P0B943D, 228827327
tuQr, 7229117651
197G, 8245104302
vnnnteZJM, 882858779
bmDRTGayHfJJf6, 7423032777
kCN, 6761308227
S, 3760879317
yrgQyB4gfH, 8174070536
yMGhz9p1RMBq, 3301131118
zkzOEvm, 6589598307
I6BAg94YifU, 4006263057
M, 1748038862
7dr9hr, 8123855984
yK4I, 6872589655
b, 4834607740
4wYuAHtWoAOY07, 5029518059
F5pnKcbSQ, 8871446995
ySvcyuk, 3100098473
IRQ5jFJRtdvCINa, 5988504097
Z698MfU3O176gQg, 3677362440
Gp, 5065068717
81Sd3N, 4642137823
niranjanreji,121314
